Item,Count,Source images
Original source photographs (Univ. of Waterloo),50,-
Illumination-correction algorithms applied,16,-
Illumination-corrected images in the development set,800,50 sources
"Training partition, per fold",640 images,40 sources (80%)
"Validation partition, per fold",80 images,5 sources (10%)
"Test partition, per fold",80 images,5 sources (10%)
Distinct images tested across the 6 folds,480 images,30 sources
External set A - HF_Test,100 images,simulated uneven illumination
External set B - MED-NODE,80 images,80 independent sources
